{"gender": -0.06724152, "age": 23.2188604687}